{
    "ticker": "MSFT",
    "hyperparameters": {
        "ticker": "MSFT",
        "unrollings": 50,
        "batch_size": 32,
        "epochs": 30,
        "learning_rate": 0.001,
        "validation_split": 0.1,
        "model_type": "LSTM",
        "lstm_units_1": 64,
        "lstm_units_2": 64,
        "dense_units": 32,
        "dropout_rate": 0.5
    },
    "metrics": {
        "loss": 0.0022488718386739492,
        "mae": 0.03783426433801651,
        "mse": 0.0022488718386739492,
        "rmse": 0.04742227154696355,
        "direction_accuracy": 54.41176470588235
    },
    "model_path": "C:\\Users\\AdminFix\\Documents\\DL\\models\\MSFT_lstm_20260117_225224.h5",
    "run_id": "a9ce1c46f19144398e88b4db5e9cffcd"
}